,Time,Images
0,"00:00:00,100 --> 00:00:00,200
","DJI_0010.JPG, DJI_0011.JPG, DJI_0012.JPG, DJI_0013.JPG, "
1,"00:00:00,200 --> 00:00:00,300
","DJI_0047.JPG, DJI_0010.JPG, DJI_0049.JPG, DJI_0046.JPG, DJI_0011.JPG, DJI_0012.JPG, DJI_0048.JPG, "
2,"00:00:00,300 --> 00:00:00,400
","DJI_0047.JPG, DJI_0010.JPG, DJI_0049.JPG, DJI_0055.JPG, DJI_0046.JPG, DJI_0011.JPG, DJI_0012.JPG, DJI_0048.JPG, DJI_0056.JPG, "
3,"00:00:00,400 --> 00:00:00,500
","DJI_0047.JPG, DJI_0057.JPG, DJI_0049.JPG, DJI_0055.JPG, DJI_0046.JPG, DJI_0011.JPG, DJI_0048.JPG, DJI_0056.JPG, "
4,"00:00:00,500 --> 00:00:00,600
","DJI_0047.JPG, DJI_0057.JPG, DJI_0049.JPG, DJI_0055.JPG, DJI_0046.JPG, DJI_0048.JPG, DJI_0056.JPG, "
5,"00:00:00,600 --> 00:00:00,700
","DJI_0047.JPG, DJI_0057.JPG, DJI_0049.JPG, DJI_0055.JPG, DJI_0046.JPG, DJI_0048.JPG, DJI_0056.JPG, "
6,"00:00:00,700 --> 00:00:00,800
","DJI_0047.JPG, DJI_0057.JPG, DJI_0049.JPG, DJI_0055.JPG, DJI_0046.JPG, DJI_0048.JPG, DJI_0056.JPG, "
7,"00:00:00,800 --> 00:00:00,900
","DJI_0047.JPG, DJI_0057.JPG, DJI_0049.JPG, DJI_0055.JPG, DJI_0046.JPG, DJI_0048.JPG, DJI_0056.JPG, "
8,"00:00:00,900 --> 00:00:01,000
","DJI_0047.JPG, DJI_0095.JPG, DJI_0057.JPG, DJI_0055.JPG, DJI_0046.JPG, DJI_0048.JPG, DJI_0056.JPG, "
9,"00:00:01,000 --> 00:00:01,100
","DJI_0047.JPG, DJI_0095.JPG, DJI_0096.JPG, DJI_0057.JPG, DJI_0055.JPG, DJI_0048.JPG, DJI_0056.JPG, "
10,"00:00:01,100 --> 00:00:01,200
","DJI_0047.JPG, DJI_0095.JPG, DJI_0096.JPG, DJI_0057.JPG, DJI_0055.JPG, DJI_0056.JPG, DJI_0094.JPG, "
11,"00:00:01,200 --> 00:00:01,300
","DJI_0095.JPG, DJI_0096.JPG, DJI_0057.JPG, DJI_0055.JPG, DJI_0097.JPG, DJI_0056.JPG, DJI_0094.JPG, "
12,"00:00:01,300 --> 00:00:01,400
","DJI_0095.JPG, DJI_0096.JPG, DJI_0057.JPG, DJI_0055.JPG, DJI_0097.JPG, DJI_0056.JPG, DJI_0094.JPG, "
13,"00:00:01,400 --> 00:00:01,500
","DJI_0095.JPG, DJI_0096.JPG, DJI_0057.JPG, DJI_0055.JPG, DJI_0097.JPG, DJI_0056.JPG, DJI_0094.JPG, "
14,"00:00:01,500 --> 00:00:01,600
","DJI_0095.JPG, DJI_0096.JPG, DJI_0057.JPG, DJI_0055.JPG, DJI_0097.JPG, DJI_0056.JPG, DJI_0094.JPG, "
15,"00:00:01,600 --> 00:00:01,700
","DJI_0095.JPG, DJI_0096.JPG, DJI_0057.JPG, DJI_0055.JPG, DJI_0097.JPG, DJI_0056.JPG, DJI_0094.JPG, "
16,"00:00:01,700 --> 00:00:01,800
","DJI_0095.JPG, DJI_0096.JPG, DJI_0057.JPG, DJI_0055.JPG, DJI_0097.JPG, DJI_0056.JPG, DJI_0094.JPG, "
17,"00:00:01,800 --> 00:00:01,900
","DJI_0095.JPG, DJI_0096.JPG, DJI_0057.JPG, DJI_0055.JPG, DJI_0097.JPG, DJI_0093.JPG, DJI_0056.JPG, DJI_0107.JPG, DJI_0094.JPG, DJI_0106.JPG, "
18,"00:00:01,900 --> 00:00:02,000
","DJI_0095.JPG, DJI_0096.JPG, DJI_0057.JPG, DJI_0093.JPG, DJI_0056.JPG, DJI_0107.JPG, DJI_0094.JPG, DJI_0106.JPG, "
19,"00:00:02,000 --> 00:00:02,100
","DJI_0095.JPG, DJI_0108.JPG, DJI_0096.JPG, DJI_0093.JPG, DJI_0107.JPG, DJI_0094.JPG, DJI_0106.JPG, "
20,"00:00:02,100 --> 00:00:02,200
","DJI_0095.JPG, DJI_0108.JPG, DJI_0096.JPG, DJI_0093.JPG, DJI_0107.JPG, DJI_0094.JPG, DJI_0106.JPG, "
21,"00:00:02,200 --> 00:00:02,300
","DJI_0095.JPG, DJI_0108.JPG, DJI_0096.JPG, DJI_0093.JPG, DJI_0107.JPG, DJI_0094.JPG, DJI_0106.JPG, "
22,"00:00:02,300 --> 00:00:02,400
","DJI_0109.JPG, DJI_0095.JPG, DJI_0108.JPG, DJI_0093.JPG, DJI_0107.JPG, DJI_0094.JPG, DJI_0106.JPG, "
23,"00:00:02,400 --> 00:00:02,500
","DJI_0109.JPG, DJI_0095.JPG, DJI_0108.JPG, DJI_0093.JPG, DJI_0107.JPG, DJI_0094.JPG, DJI_0106.JPG, "
24,"00:00:02,500 --> 00:00:02,600
","DJI_0109.JPG, DJI_0095.JPG, DJI_0108.JPG, DJI_0147.JPG, DJI_0146.JPG, DJI_0093.JPG, DJI_0107.JPG, DJI_0094.JPG, DJI_0106.JPG, "
25,"00:00:02,600 --> 00:00:02,700
","DJI_0109.JPG, DJI_0108.JPG, DJI_0147.JPG, DJI_0146.JPG, DJI_0093.JPG, DJI_0107.JPG, DJI_0094.JPG, DJI_0106.JPG, "
26,"00:00:02,700 --> 00:00:02,800
","DJI_0109.JPG, DJI_0145.JPG, DJI_0108.JPG, DJI_0110.JPG, DJI_0147.JPG, DJI_0146.JPG, DJI_0093.JPG, DJI_0107.JPG, DJI_0094.JPG, DJI_0106.JPG, "
27,"00:00:02,800 --> 00:00:02,900
","DJI_0109.JPG, DJI_0145.JPG, DJI_0108.JPG, DJI_0110.JPG, DJI_0147.JPG, DJI_0146.JPG, DJI_0107.JPG, DJI_0106.JPG, "
28,"00:00:02,900 --> 00:00:03,000
","DJI_0109.JPG, DJI_0145.JPG, DJI_0108.JPG, DJI_0110.JPG, DJI_0147.JPG, DJI_0146.JPG, DJI_0107.JPG, "
29,"00:00:03,000 --> 00:00:03,100
","DJI_0109.JPG, DJI_0145.JPG, DJI_0108.JPG, DJI_0144.JPG, DJI_0110.JPG, DJI_0147.JPG, DJI_0146.JPG, DJI_0107.JPG, "
30,"00:00:03,100 --> 00:00:03,200
","DJI_0109.JPG, DJI_0145.JPG, DJI_0108.JPG, DJI_0144.JPG, DJI_0110.JPG, DJI_0147.JPG, DJI_0146.JPG, DJI_0107.JPG, "
31,"00:00:03,200 --> 00:00:03,300
","DJI_0109.JPG, DJI_0145.JPG, DJI_0108.JPG, DJI_0144.JPG, DJI_0110.JPG, DJI_0147.JPG, DJI_0146.JPG, "
32,"00:00:03,300 --> 00:00:03,400
","DJI_0109.JPG, DJI_0145.JPG, DJI_0108.JPG, DJI_0161.JPG, DJI_0144.JPG, DJI_0147.JPG, DJI_0146.JPG, DJI_0162.JPG, "
33,"00:00:03,400 --> 00:00:03,500
","DJI_0109.JPG, DJI_0145.JPG, DJI_0108.JPG, DJI_0161.JPG, DJI_0144.JPG, DJI_0147.JPG, DJI_0146.JPG, DJI_0162.JPG, "
34,"00:00:03,500 --> 00:00:03,600
","DJI_0145.JPG, DJI_0161.JPG, DJI_0144.JPG, DJI_0147.JPG, DJI_0146.JPG, DJI_0160.JPG, DJI_0162.JPG, "
35,"00:00:03,600 --> 00:00:03,700
","DJI_0145.JPG, DJI_0161.JPG, DJI_0144.JPG, DJI_0147.JPG, DJI_0163.JPG, DJI_0146.JPG, DJI_0160.JPG, DJI_0162.JPG, "
36,"00:00:03,700 --> 00:00:03,800
","DJI_0145.JPG, DJI_0161.JPG, DJI_0144.JPG, DJI_0147.JPG, DJI_0163.JPG, DJI_0146.JPG, DJI_0160.JPG, DJI_0162.JPG, "
37,"00:00:03,800 --> 00:00:03,900
","DJI_0145.JPG, DJI_0161.JPG, DJI_0144.JPG, DJI_0147.JPG, DJI_0163.JPG, DJI_0146.JPG, DJI_0160.JPG, DJI_0162.JPG, "
38,"00:00:03,900 --> 00:00:04,000
","DJI_0145.JPG, DJI_0161.JPG, DJI_0144.JPG, DJI_0147.JPG, DJI_0163.JPG, DJI_0146.JPG, DJI_0160.JPG, DJI_0162.JPG, "
39,"00:00:04,000 --> 00:00:04,100
","DJI_0145.JPG, DJI_0161.JPG, DJI_0147.JPG, DJI_0163.JPG, DJI_0146.JPG, DJI_0160.JPG, DJI_0162.JPG, "
40,"00:00:04,100 --> 00:00:04,200
","DJI_0145.JPG, DJI_0161.JPG, DJI_0199.JPG, DJI_0147.JPG, DJI_0163.JPG, DJI_0146.JPG, DJI_0160.JPG, DJI_0162.JPG, "
41,"00:00:04,200 --> 00:00:04,300
","DJI_0198.JPG, DJI_0200.JPG, DJI_0161.JPG, DJI_0199.JPG, DJI_0163.JPG, DJI_0146.JPG, DJI_0160.JPG, DJI_0159.JPG, DJI_0162.JPG, "
42,"00:00:04,300 --> 00:00:04,400
","DJI_0198.JPG, DJI_0200.JPG, DJI_0201.JPG, DJI_0161.JPG, DJI_0199.JPG, DJI_0160.JPG, DJI_0159.JPG, DJI_0162.JPG, "
43,"00:00:04,400 --> 00:00:04,500
","DJI_0198.JPG, DJI_0200.JPG, DJI_0201.JPG, DJI_0161.JPG, DJI_0199.JPG, DJI_0160.JPG, DJI_0159.JPG, DJI_0162.JPG, "
44,"00:00:04,500 --> 00:00:04,600
","DJI_0198.JPG, DJI_0200.JPG, DJI_0201.JPG, DJI_0161.JPG, DJI_0199.JPG, DJI_0160.JPG, DJI_0159.JPG, DJI_0162.JPG, "
45,"00:00:04,600 --> 00:00:04,700
","DJI_0198.JPG, DJI_0200.JPG, DJI_0201.JPG, DJI_0161.JPG, DJI_0199.JPG, DJI_0160.JPG, DJI_0159.JPG, DJI_0162.JPG, "
46,"00:00:04,700 --> 00:00:04,800
","DJI_0198.JPG, DJI_0200.JPG, DJI_0201.JPG, DJI_0161.JPG, DJI_0199.JPG, DJI_0213.JPG, DJI_0160.JPG, "
47,"00:00:04,800 --> 00:00:04,900
","DJI_0198.JPG, DJI_0200.JPG, DJI_0201.JPG, DJI_0161.JPG, DJI_0199.JPG, DJI_0213.JPG, DJI_0160.JPG, DJI_0214.JPG, "
48,"00:00:04,900 --> 00:00:05,000
","DJI_0198.JPG, DJI_0212.JPG, DJI_0200.JPG, DJI_0201.JPG, DJI_0161.JPG, DJI_0199.JPG, DJI_0213.JPG, DJI_0160.JPG, DJI_0214.JPG, "
49,"00:00:05,000 --> 00:00:05,100
","DJI_0198.JPG, DJI_0212.JPG, DJI_0200.JPG, DJI_0201.JPG, DJI_0199.JPG, DJI_0213.JPG, DJI_0214.JPG, DJI_0202.JPG, "
50,"00:00:05,100 --> 00:00:05,200
","DJI_0212.JPG, DJI_0200.JPG, DJI_0201.JPG, DJI_0199.JPG, DJI_0213.JPG, DJI_0214.JPG, DJI_0202.JPG, "
51,"00:00:05,200 --> 00:00:05,300
","DJI_0211.JPG, DJI_0212.JPG, DJI_0200.JPG, DJI_0201.JPG, DJI_0199.JPG, DJI_0213.JPG, DJI_0214.JPG, "
52,"00:00:05,300 --> 00:00:05,400
","DJI_0211.JPG, DJI_0212.JPG, DJI_0200.JPG, DJI_0201.JPG, DJI_0199.JPG, DJI_0213.JPG, DJI_0214.JPG, "
53,"00:00:05,400 --> 00:00:05,500
","DJI_0211.JPG, DJI_0212.JPG, DJI_0200.JPG, DJI_0201.JPG, DJI_0199.JPG, DJI_0213.JPG, DJI_0214.JPG, "
54,"00:00:05,500 --> 00:00:05,600
","DJI_0211.JPG, DJI_0212.JPG, DJI_0200.JPG, DJI_0201.JPG, DJI_0213.JPG, DJI_0214.JPG, DJI_0255.JPG, DJI_0254.JPG, "
55,"00:00:05,600 --> 00:00:05,700
","DJI_0211.JPG, DJI_0212.JPG, DJI_0200.JPG, DJI_0253.JPG, DJI_0201.JPG, DJI_0213.JPG, DJI_0214.JPG, DJI_0255.JPG, DJI_0254.JPG, "
56,"00:00:05,700 --> 00:00:05,800
","DJI_0211.JPG, DJI_0212.JPG, DJI_0253.JPG, DJI_0213.JPG, DJI_0214.JPG, DJI_0255.JPG, DJI_0254.JPG, "
57,"00:00:05,800 --> 00:00:05,900
","DJI_0211.JPG, DJI_0212.JPG, DJI_0253.JPG, DJI_0213.JPG, DJI_0214.JPG, DJI_0255.JPG, DJI_0254.JPG, "
58,"00:00:05,900 --> 00:00:06,000
","DJI_0211.JPG, DJI_0212.JPG, DJI_0256.JPG, DJI_0253.JPG, DJI_0213.JPG, DJI_0214.JPG, DJI_0255.JPG, DJI_0254.JPG, "
59,"00:00:06,000 --> 00:00:06,100
","DJI_0212.JPG, DJI_0265.JPG, DJI_0256.JPG, DJI_0253.JPG, DJI_0213.JPG, DJI_0266.JPG, DJI_0255.JPG, DJI_0254.JPG, "
60,"00:00:06,100 --> 00:00:06,200
","DJI_0265.JPG, DJI_0312.JPG, DJI_0310.JPG, DJI_0267.JPG, DJI_0311.JPG, DJI_0266.JPG, DJI_0264.JPG, DJI_0255.JPG, DJI_0254.JPG, DJI_0263.JPG, "
61,"00:00:06,200 --> 00:00:06,300
","DJI_0265.JPG, DJI_0312.JPG, DJI_0310.JPG, DJI_0267.JPG, DJI_0311.JPG, DJI_0266.JPG, DJI_0264.JPG, DJI_0255.JPG, DJI_0263.JPG, "
62,"00:00:06,300 --> 00:00:06,400
","DJI_0265.JPG, DJI_0312.JPG, DJI_0310.JPG, DJI_0313.JPG, DJI_0311.JPG, DJI_0266.JPG, DJI_0309.JPG, DJI_0264.JPG, "
63,"00:00:06,400 --> 00:00:06,500
","DJI_0372.JPG, DJI_0322.JPG, DJI_0320.JPG, DJI_0371.JPG, DJI_0321.JPG, DJI_0323.JPG, DJI_0370.JPG, DJI_0373.JPG, "
64,"00:00:06,500 --> 00:00:06,600
","DJI_0372.JPG, DJI_0382.JPG, DJI_0379.JPG, DJI_0383.JPG, DJI_0371.JPG, DJI_0380.JPG, DJI_0381.JPG, DJI_0370.JPG, DJI_0373.JPG, "
65,"00:00:06,600 --> 00:00:06,700
","DJI_0433.JPG, DJI_0382.JPG, DJI_0432.JPG, DJI_0379.JPG, DJI_0383.JPG, DJI_0431.JPG, DJI_0380.JPG, DJI_0381.JPG, DJI_0434.JPG, "
66,"00:00:06,700 --> 00:00:06,800
","DJI_0433.JPG, DJI_0382.JPG, DJI_0432.JPG, DJI_0379.JPG, DJI_0383.JPG, DJI_0431.JPG, DJI_0380.JPG, DJI_0381.JPG, DJI_0434.JPG, "
67,"00:00:06,800 --> 00:00:06,900
","DJI_0433.JPG, DJI_0382.JPG, DJI_0432.JPG, DJI_0379.JPG, DJI_0431.JPG, DJI_0380.JPG, DJI_0381.JPG, DJI_0434.JPG, "
68,"00:00:06,900 --> 00:00:07,000
","DJI_0433.JPG, DJI_0382.JPG, DJI_0432.JPG, DJI_0379.JPG, DJI_0431.JPG, DJI_0380.JPG, DJI_0381.JPG, DJI_0434.JPG, "
69,"00:00:07,000 --> 00:00:07,100
","DJI_0433.JPG, DJI_0432.JPG, DJI_0379.JPG, DJI_0431.JPG, DJI_0380.JPG, DJI_0381.JPG, DJI_0434.JPG, DJI_0443.JPG, "
70,"00:00:07,100 --> 00:00:07,200
","DJI_0433.JPG, DJI_0432.JPG, DJI_0442.JPG, DJI_0431.JPG, DJI_0380.JPG, DJI_0381.JPG, DJI_0434.JPG, DJI_0443.JPG, DJI_0444.JPG, "
71,"00:00:07,200 --> 00:00:07,300
","DJI_0433.JPG, DJI_0432.JPG, DJI_0442.JPG, DJI_0431.JPG, DJI_0434.JPG, DJI_0443.JPG, DJI_0444.JPG, "
72,"00:00:07,300 --> 00:00:07,400
","DJI_0433.JPG, DJI_0432.JPG, DJI_0442.JPG, DJI_0445.JPG, DJI_0431.JPG, DJI_0434.JPG, DJI_0443.JPG, DJI_0444.JPG, "
73,"00:00:07,400 --> 00:00:07,500
","DJI_0433.JPG, DJI_0432.JPG, DJI_0442.JPG, DJI_0445.JPG, DJI_0431.JPG, DJI_0434.JPG, DJI_0443.JPG, DJI_0444.JPG, "
74,"00:00:07,500 --> 00:00:07,600
","DJI_0433.JPG, DJI_0432.JPG, DJI_0442.JPG, DJI_0496.JPG, DJI_0497.JPG, DJI_0441.JPG, DJI_0445.JPG, DJI_0443.JPG, DJI_0444.JPG, "
75,"00:00:07,600 --> 00:00:07,700
","DJI_0433.JPG, DJI_0432.JPG, DJI_0442.JPG, DJI_0496.JPG, DJI_0497.JPG, DJI_0441.JPG, DJI_0445.JPG, DJI_0495.JPG, DJI_0443.JPG, DJI_0444.JPG, "
76,"00:00:07,700 --> 00:00:07,800
","DJI_0442.JPG, DJI_0496.JPG, DJI_0497.JPG, DJI_0441.JPG, DJI_0445.JPG, DJI_0495.JPG, DJI_0443.JPG, DJI_0444.JPG, "
77,"00:00:07,800 --> 00:00:07,900
","DJI_0442.JPG, DJI_0496.JPG, DJI_0497.JPG, DJI_0445.JPG, DJI_0498.JPG, DJI_0495.JPG, DJI_0443.JPG, DJI_0444.JPG, "
78,"00:00:07,900 --> 00:00:08,000
","DJI_0442.JPG, DJI_0496.JPG, DJI_0497.JPG, DJI_0445.JPG, DJI_0498.JPG, DJI_0495.JPG, DJI_0443.JPG, DJI_0444.JPG, "
79,"00:00:08,000 --> 00:00:08,100
","DJI_0591.JPG, DJI_0592.JPG, DJI_0518.JPG, DJI_0559.JPG, DJI_0519.JPG, DJI_0556.JPG, DJI_0558.JPG, DJI_0557.JPG, "
80,"00:00:08,100 --> 00:00:08,200
","DJI_0591.JPG, DJI_0592.JPG, DJI_0555.JPG, DJI_0559.JPG, DJI_0593.JPG, DJI_0519.JPG, DJI_0556.JPG, DJI_0558.JPG, DJI_0557.JPG, "
81,"00:00:08,200 --> 00:00:08,300
","DJI_0592.JPG, DJI_0555.JPG, DJI_0520.JPG, DJI_0593.JPG, DJI_0519.JPG, DJI_0556.JPG, DJI_0558.JPG, DJI_0557.JPG, "
82,"00:00:08,300 --> 00:00:08,400
","DJI_0594.JPG, DJI_0592.JPG, DJI_0555.JPG, DJI_0520.JPG, DJI_0593.JPG, DJI_0519.JPG, DJI_0556.JPG, DJI_0558.JPG, DJI_0557.JPG, "
83,"00:00:08,400 --> 00:00:08,500
","DJI_0594.JPG, DJI_0554.JPG, DJI_0555.JPG, DJI_0520.JPG, DJI_0593.JPG, DJI_0556.JPG, DJI_0557.JPG, DJI_0521.JPG, "
84,"00:00:08,500 --> 00:00:08,600
","DJI_0522.JPG, DJI_0552.JPG, DJI_0554.JPG, DJI_0555.JPG, DJI_0523.JPG, DJI_0553.JPG, DJI_0556.JPG, DJI_0521.JPG, "
85,"00:00:08,600 --> 00:00:08,700
","DJI_0551.JPG, DJI_0522.JPG, DJI_0524.JPG, DJI_0552.JPG, DJI_0554.JPG, DJI_0523.JPG, DJI_0553.JPG, "
86,"00:00:08,700 --> 00:00:08,800
","DJI_0551.JPG, DJI_0525.JPG, DJI_0522.JPG, DJI_0524.JPG, DJI_0552.JPG, DJI_0554.JPG, DJI_0523.JPG, DJI_0553.JPG, "
87,"00:00:08,800 --> 00:00:08,900
","DJI_0551.JPG, DJI_0525.JPG, DJI_0524.JPG, DJI_0552.JPG, DJI_0554.JPG, DJI_0523.JPG, DJI_0553.JPG, "
88,"00:00:08,900 --> 00:00:09,000
","DJI_0551.JPG, DJI_0525.JPG, DJI_0550.JPG, DJI_0524.JPG, DJI_0552.JPG, DJI_0523.JPG, DJI_0553.JPG, DJI_0526.JPG, "
89,"00:00:09,000 --> 00:00:09,100
","DJI_0551.JPG, DJI_0525.JPG, DJI_0527.JPG, DJI_0550.JPG, DJI_0524.JPG, DJI_0552.JPG, DJI_0540.JPG, DJI_0526.JPG, "
90,"00:00:09,100 --> 00:00:09,200
","DJI_0551.JPG, DJI_0525.JPG, DJI_0527.JPG, DJI_0549.JPG, DJI_0550.JPG, DJI_0524.JPG, DJI_0479.JPG, DJI_0540.JPG, DJI_0526.JPG, DJI_0478.JPG, "
91,"00:00:09,200 --> 00:00:09,300
","DJI_0477.JPG, DJI_0551.JPG, DJI_0525.JPG, DJI_0527.JPG, DJI_0550.JPG, DJI_0524.JPG, DJI_0479.JPG, DJI_0540.JPG, DJI_0526.JPG, DJI_0478.JPG, "
92,"00:00:09,300 --> 00:00:09,400
","DJI_0528.JPG, DJI_0477.JPG, DJI_0525.JPG, DJI_0527.JPG, DJI_0524.JPG, DJI_0479.JPG, DJI_0526.JPG, DJI_0478.JPG, "
93,"00:00:09,400 --> 00:00:09,500
","DJI_0528.JPG, DJI_0477.JPG, DJI_0525.JPG, DJI_0527.JPG, DJI_0476.JPG, DJI_0479.JPG, DJI_0526.JPG, DJI_0478.JPG, "
94,"00:00:09,500 --> 00:00:09,600
","DJI_0528.JPG, DJI_0477.JPG, DJI_0525.JPG, DJI_0527.JPG, DJI_0476.JPG, DJI_0479.JPG, DJI_0526.JPG, DJI_0478.JPG, "
95,"00:00:09,600 --> 00:00:09,700
","DJI_0477.JPG, DJI_0462.JPG, DJI_0476.JPG, DJI_0479.JPG, DJI_0463.JPG, DJI_0478.JPG, DJI_0461.JPG, "
96,"00:00:09,700 --> 00:00:09,800
","DJI_0477.JPG, DJI_0464.JPG, DJI_0462.JPG, DJI_0476.JPG, DJI_0479.JPG, DJI_0463.JPG, DJI_0478.JPG, DJI_0461.JPG, "
97,"00:00:09,800 --> 00:00:09,900
","DJI_0477.JPG, DJI_0460.JPG, DJI_0464.JPG, DJI_0462.JPG, DJI_0414.JPG, DJI_0463.JPG, DJI_0415.JPG, DJI_0413.JPG, DJI_0478.JPG, DJI_0461.JPG, "
98,"00:00:09,900 --> 00:00:10,000
","DJI_0460.JPG, DJI_0464.JPG, DJI_0462.JPG, DJI_0414.JPG, DJI_0463.JPG, DJI_0415.JPG, DJI_0413.JPG, DJI_0461.JPG, "
99,"00:00:10,000 --> 00:00:10,100
","DJI_0412.JPG, DJI_0462.JPG, DJI_0414.JPG, DJI_0463.JPG, DJI_0415.JPG, DJI_0413.JPG, DJI_0461.JPG, "
100,"00:00:10,100 --> 00:00:10,200
","DJI_0412.JPG, DJI_0462.JPG, DJI_0414.JPG, DJI_0463.JPG, DJI_0416.JPG, DJI_0415.JPG, DJI_0413.JPG, DJI_0461.JPG, "
101,"00:00:10,200 --> 00:00:10,300
","DJI_0462.JPG, DJI_0414.JPG, DJI_0399.JPG, DJI_0416.JPG, DJI_0415.JPG, DJI_0400.JPG, DJI_0398.JPG, DJI_0413.JPG, DJI_0461.JPG, "
102,"00:00:10,300 --> 00:00:10,400
","DJI_0414.JPG, DJI_0399.JPG, DJI_0416.JPG, DJI_0415.JPG, DJI_0400.JPG, DJI_0398.JPG, DJI_0413.JPG, "
103,"00:00:10,400 --> 00:00:10,500
","DJI_0397.JPG, DJI_0414.JPG, DJI_0399.JPG, DJI_0416.JPG, DJI_0415.JPG, DJI_0400.JPG, DJI_0398.JPG, DJI_0413.JPG, "
104,"00:00:10,500 --> 00:00:10,600
","DJI_0397.JPG, DJI_0414.JPG, DJI_0399.JPG, DJI_0416.JPG, DJI_0415.JPG, DJI_0400.JPG, DJI_0398.JPG, "
105,"00:00:10,600 --> 00:00:10,700
","DJI_0353.JPG, DJI_0355.JPG, DJI_0397.JPG, DJI_0414.JPG, DJI_0399.JPG, DJI_0354.JPG, DJI_0416.JPG, DJI_0415.JPG, DJI_0396.JPG, DJI_0400.JPG, DJI_0398.JPG, "
106,"00:00:10,700 --> 00:00:10,800
","DJI_0353.JPG, DJI_0355.JPG, DJI_0397.JPG, DJI_0356.JPG, DJI_0399.JPG, DJI_0354.JPG, DJI_0396.JPG, DJI_0398.JPG, "
107,"00:00:10,800 --> 00:00:10,900
","DJI_0353.JPG, DJI_0355.JPG, DJI_0397.JPG, DJI_0356.JPG, DJI_0354.JPG, DJI_0396.JPG, DJI_0398.JPG, "
108,"00:00:10,900 --> 00:00:11,000
","DJI_0355.JPG, DJI_0397.JPG, DJI_0356.JPG, DJI_0354.JPG, DJI_0357.JPG, DJI_0339.JPG, DJI_0337.JPG, DJI_0338.JPG, "
109,"00:00:11,000 --> 00:00:11,100
","DJI_0298.JPG, DJI_0336.JPG, DJI_0296.JPG, DJI_0297.JPG, DJI_0337.JPG, DJI_0295.JPG, DJI_0338.JPG, "
110,"00:00:11,100 --> 00:00:11,200
","DJI_0298.JPG, DJI_0278.JPG, DJI_0336.JPG, DJI_0296.JPG, DJI_0279.JPG, DJI_0297.JPG, DJI_0337.JPG, DJI_0295.JPG, "
111,"00:00:11,200 --> 00:00:11,300
","DJI_0298.JPG, DJI_0277.JPG, DJI_0278.JPG, DJI_0336.JPG, DJI_0296.JPG, DJI_0279.JPG, DJI_0297.JPG, DJI_0337.JPG, DJI_0295.JPG, "
112,"00:00:11,300 --> 00:00:11,400
","DJI_0298.JPG, DJI_0277.JPG, DJI_0278.JPG, DJI_0296.JPG, DJI_0279.JPG, DJI_0297.JPG, DJI_0295.JPG, "
113,"00:00:11,400 --> 00:00:11,500
","DJI_0298.JPG, DJI_0277.JPG, DJI_0278.JPG, DJI_0296.JPG, DJI_0279.JPG, DJI_0297.JPG, DJI_0295.JPG, "
114,"00:00:11,500 --> 00:00:11,600
","DJI_0298.JPG, DJI_0280.JPG, DJI_0277.JPG, DJI_0278.JPG, DJI_0296.JPG, DJI_0279.JPG, DJI_0297.JPG, DJI_0295.JPG, "
115,"00:00:11,600 --> 00:00:11,700
","DJI_0298.JPG, DJI_0280.JPG, DJI_0277.JPG, DJI_0278.JPG, DJI_0296.JPG, DJI_0279.JPG, DJI_0297.JPG, "
116,"00:00:11,700 --> 00:00:11,800
","DJI_0298.JPG, DJI_0280.JPG, DJI_0277.JPG, DJI_0278.JPG, DJI_0296.JPG, DJI_0279.JPG, DJI_0276.JPG, DJI_0297.JPG, "
117,"00:00:11,800 --> 00:00:11,900
","DJI_0298.JPG, DJI_0280.JPG, DJI_0277.JPG, DJI_0278.JPG, DJI_0241.JPG, DJI_0296.JPG, DJI_0279.JPG, DJI_0276.JPG, DJI_0297.JPG, "
118,"00:00:11,900 --> 00:00:12,000
","DJI_0298.JPG, DJI_0280.JPG, DJI_0277.JPG, DJI_0278.JPG, DJI_0241.JPG, DJI_0296.JPG, DJI_0279.JPG, DJI_0276.JPG, DJI_0242.JPG, DJI_0297.JPG, "
119,"00:00:12,000 --> 00:00:12,100
","DJI_0280.JPG, DJI_0277.JPG, DJI_0240.JPG, DJI_0278.JPG, DJI_0241.JPG, DJI_0279.JPG, DJI_0276.JPG, DJI_0242.JPG, DJI_0297.JPG, "
120,"00:00:12,100 --> 00:00:12,200
","DJI_0277.JPG, DJI_0240.JPG, DJI_0278.JPG, DJI_0241.JPG, DJI_0279.JPG, DJI_0276.JPG, DJI_0242.JPG, "
121,"00:00:12,200 --> 00:00:12,300
","DJI_0277.JPG, DJI_0240.JPG, DJI_0278.JPG, DJI_0241.JPG, DJI_0279.JPG, DJI_0276.JPG, DJI_0242.JPG, DJI_0243.JPG, "
122,"00:00:12,300 --> 00:00:12,400
","DJI_0277.JPG, DJI_0240.JPG, DJI_0278.JPG, DJI_0241.JPG, DJI_0279.JPG, DJI_0276.JPG, DJI_0242.JPG, DJI_0243.JPG, "
123,"00:00:12,400 --> 00:00:12,500
","DJI_0277.JPG, DJI_0240.JPG, DJI_0278.JPG, DJI_0241.JPG, DJI_0279.JPG, DJI_0242.JPG, DJI_0243.JPG, "
124,"00:00:12,500 --> 00:00:12,600
","DJI_0277.JPG, DJI_0240.JPG, DJI_0278.JPG, DJI_0241.JPG, DJI_0279.JPG, DJI_0242.JPG, DJI_0243.JPG, "
125,"00:00:12,600 --> 00:00:12,700
","DJI_0277.JPG, DJI_0240.JPG, DJI_0278.JPG, DJI_0241.JPG, DJI_0226.JPG, DJI_0279.JPG, DJI_0242.JPG, DJI_0243.JPG, DJI_0225.JPG, "
126,"00:00:12,700 --> 00:00:12,800
","DJI_0240.JPG, DJI_0278.JPG, DJI_0241.JPG, DJI_0226.JPG, DJI_0242.JPG, DJI_0243.JPG, DJI_0225.JPG, "
127,"00:00:12,800 --> 00:00:12,900
","DJI_0240.JPG, DJI_0241.JPG, DJI_0226.JPG, DJI_0242.JPG, DJI_0243.JPG, DJI_0225.JPG, DJI_0227.JPG, DJI_0224.JPG, "
128,"00:00:12,900 --> 00:00:13,000
","DJI_0240.JPG, DJI_0241.JPG, DJI_0226.JPG, DJI_0242.JPG, DJI_0243.JPG, DJI_0225.JPG, DJI_0227.JPG, DJI_0224.JPG, "
129,"00:00:13,000 --> 00:00:13,100
","DJI_0240.JPG, DJI_0241.JPG, DJI_0226.JPG, DJI_0242.JPG, DJI_0243.JPG, DJI_0225.JPG, DJI_0227.JPG, DJI_0224.JPG, "
130,"00:00:13,100 --> 00:00:13,200
","DJI_0240.JPG, DJI_0241.JPG, DJI_0226.JPG, DJI_0242.JPG, DJI_0243.JPG, DJI_0225.JPG, DJI_0227.JPG, DJI_0224.JPG, "
131,"00:00:13,200 --> 00:00:13,300
","DJI_0240.JPG, DJI_0241.JPG, DJI_0226.JPG, DJI_0242.JPG, DJI_0225.JPG, DJI_0227.JPG, DJI_0224.JPG, "
132,"00:00:13,300 --> 00:00:13,400
","DJI_0241.JPG, DJI_0226.JPG, DJI_0188.JPG, DJI_0242.JPG, DJI_0225.JPG, DJI_0227.JPG, DJI_0224.JPG, DJI_0187.JPG, "
133,"00:00:13,400 --> 00:00:13,500
","DJI_0241.JPG, DJI_0226.JPG, DJI_0188.JPG, DJI_0242.JPG, DJI_0225.JPG, DJI_0227.JPG, DJI_0224.JPG, DJI_0187.JPG, "
134,"00:00:13,500 --> 00:00:13,600
","DJI_0226.JPG, DJI_0188.JPG, DJI_0225.JPG, DJI_0227.JPG, DJI_0224.JPG, DJI_0189.JPG, DJI_0186.JPG, DJI_0187.JPG, "
135,"00:00:13,600 --> 00:00:13,700
","DJI_0226.JPG, DJI_0188.JPG, DJI_0225.JPG, DJI_0227.JPG, DJI_0224.JPG, DJI_0189.JPG, DJI_0186.JPG, DJI_0187.JPG, "
136,"00:00:13,700 --> 00:00:13,800
","DJI_0226.JPG, DJI_0188.JPG, DJI_0225.JPG, DJI_0227.JPG, DJI_0224.JPG, DJI_0189.JPG, DJI_0186.JPG, DJI_0187.JPG, "
137,"00:00:13,800 --> 00:00:13,900
","DJI_0226.JPG, DJI_0188.JPG, DJI_0225.JPG, DJI_0227.JPG, DJI_0224.JPG, DJI_0189.JPG, DJI_0186.JPG, DJI_0187.JPG, "
138,"00:00:13,900 --> 00:00:14,000
","DJI_0226.JPG, DJI_0188.JPG, DJI_0225.JPG, DJI_0227.JPG, DJI_0189.JPG, DJI_0186.JPG, DJI_0187.JPG, "
139,"00:00:14,000 --> 00:00:14,100
","DJI_0226.JPG, DJI_0188.JPG, DJI_0225.JPG, DJI_0227.JPG, DJI_0189.JPG, DJI_0186.JPG, DJI_0187.JPG, "
140,"00:00:14,100 --> 00:00:14,200
","DJI_0185.JPG, DJI_0226.JPG, DJI_0174.JPG, DJI_0188.JPG, DJI_0227.JPG, DJI_0173.JPG, DJI_0186.JPG, DJI_0187.JPG, "
141,"00:00:14,200 --> 00:00:14,300
","DJI_0175.JPG, DJI_0185.JPG, DJI_0226.JPG, DJI_0174.JPG, DJI_0188.JPG, DJI_0227.JPG, DJI_0173.JPG, DJI_0186.JPG, DJI_0187.JPG, "
142,"00:00:14,300 --> 00:00:14,400
","DJI_0175.JPG, DJI_0185.JPG, DJI_0226.JPG, DJI_0174.JPG, DJI_0188.JPG, DJI_0227.JPG, DJI_0173.JPG, DJI_0186.JPG, DJI_0187.JPG, "
143,"00:00:14,400 --> 00:00:14,500
","DJI_0175.JPG, DJI_0185.JPG, DJI_0184.JPG, DJI_0174.JPG, DJI_0188.JPG, DJI_0227.JPG, DJI_0173.JPG, DJI_0186.JPG, DJI_0187.JPG, "
144,"00:00:14,500 --> 00:00:14,600
","DJI_0175.JPG, DJI_0185.JPG, DJI_0184.JPG, DJI_0174.JPG, DJI_0176.JPG, DJI_0186.JPG, DJI_0187.JPG, "
145,"00:00:14,600 --> 00:00:14,700
","DJI_0175.JPG, DJI_0185.JPG, DJI_0184.JPG, DJI_0174.JPG, DJI_0176.JPG, DJI_0186.JPG, DJI_0187.JPG, "
146,"00:00:14,700 --> 00:00:14,800
","DJI_0175.JPG, DJI_0185.JPG, DJI_0183.JPG, DJI_0184.JPG, DJI_0174.JPG, DJI_0176.JPG, DJI_0186.JPG, DJI_0187.JPG, "
147,"00:00:14,800 --> 00:00:14,900
","DJI_0175.JPG, DJI_0185.JPG, DJI_0183.JPG, DJI_0184.JPG, DJI_0174.JPG, DJI_0176.JPG, DJI_0186.JPG, "
148,"00:00:14,900 --> 00:00:15,000
","DJI_0177.JPG, DJI_0175.JPG, DJI_0185.JPG, DJI_0183.JPG, DJI_0184.JPG, DJI_0176.JPG, DJI_0186.JPG, "
149,"00:00:15,000 --> 00:00:15,100
","DJI_0177.JPG, DJI_0175.JPG, DJI_0185.JPG, DJI_0183.JPG, DJI_0184.JPG, DJI_0182.JPG, DJI_0178.JPG, DJI_0176.JPG, "
150,"00:00:15,100 --> 00:00:15,200
","DJI_0177.JPG, DJI_0175.JPG, DJI_0185.JPG, DJI_0183.JPG, DJI_0184.JPG, DJI_0182.JPG, DJI_0178.JPG, DJI_0176.JPG, "
151,"00:00:15,200 --> 00:00:15,300
","DJI_0177.JPG, DJI_0185.JPG, DJI_0183.JPG, DJI_0184.JPG, DJI_0182.JPG, DJI_0178.JPG, DJI_0176.JPG, "
152,"00:00:15,300 --> 00:00:15,400
","DJI_0177.JPG, DJI_0185.JPG, DJI_0183.JPG, DJI_0184.JPG, DJI_0182.JPG, DJI_0178.JPG, DJI_0176.JPG, "
153,"00:00:15,400 --> 00:00:15,500
","DJI_0181.JPG, DJI_0177.JPG, DJI_0183.JPG, DJI_0184.JPG, DJI_0179.JPG, DJI_0182.JPG, DJI_0178.JPG, DJI_0176.JPG, "
154,"00:00:15,500 --> 00:00:15,600
","DJI_0181.JPG, DJI_0177.JPG, DJI_0183.JPG, DJI_0184.JPG, DJI_0179.JPG, DJI_0182.JPG, DJI_0178.JPG, DJI_0176.JPG, DJI_0180.JPG, "
155,"00:00:15,600 --> 00:00:15,700
","DJI_0181.JPG, DJI_0177.JPG, DJI_0183.JPG, DJI_0184.JPG, DJI_0179.JPG, DJI_0182.JPG, DJI_0178.JPG, DJI_0180.JPG, "
156,"00:00:15,700 --> 00:00:15,800
","DJI_0181.JPG, DJI_0177.JPG, DJI_0183.JPG, DJI_0184.JPG, DJI_0179.JPG, DJI_0182.JPG, DJI_0178.JPG, DJI_0180.JPG, "
157,"00:00:15,800 --> 00:00:15,900
","DJI_0181.JPG, DJI_0177.JPG, DJI_0183.JPG, DJI_0179.JPG, DJI_0182.JPG, DJI_0178.JPG, DJI_0180.JPG, "
158,"00:00:15,900 --> 00:00:16,000
","DJI_0181.JPG, DJI_0183.JPG, DJI_0179.JPG, DJI_0182.JPG, DJI_0178.JPG, DJI_0180.JPG, "
159,"00:00:16,000 --> 00:00:16,100
","DJI_0181.JPG, DJI_0183.JPG, DJI_0179.JPG, DJI_0182.JPG, DJI_0178.JPG, DJI_0180.JPG, "
160,"00:00:16,100 --> 00:00:16,200
","DJI_0181.JPG, "
